<?xml version="1.0" encoding="UTF-8"?><artifacts>
    <artifact name="ItemsEP" groupId="com.example.Agri_MW.endpoint" version="1.0.0" type="synapse/endpoint" serverRole="EnterpriseServiceBus">
        <file>src/main/synapse-config/endpoints/ItemsEP.xml</file>
    </artifact>
    <artifact name="ItemsAPI" groupId="com.example.Agri_MW.api" version="1.0.0" type="synapse/api" serverRole="EnterpriseServiceBus">
        <file>src/main/synapse-config/api/ItemsAPI.xml</file>
    </artifact>
    <artifact name="FarmerEP" groupId="com.example.Agri_MW.endpoint" version="1.0.0" type="synapse/endpoint" serverRole="EnterpriseServiceBus">
        <file>src/main/synapse-config/endpoints/FarmerEP.xml</file>
    </artifact>
    <artifact name="FarmerAPI" groupId="com.example.Agri_MW.api" version="1.0.0" type="synapse/api" serverRole="EnterpriseServiceBus">
        <file>src/main/synapse-config/api/FarmerAPI.xml</file>
    </artifact>
    <artifact name="CartsEP" groupId="com.example.Agri_MW.endpoint" version="1.0.0" type="synapse/endpoint" serverRole="EnterpriseServiceBus">
        <file>src/main/synapse-config/endpoints/CartsEP.xml</file>
    </artifact>
    <artifact name="CartsAPI" groupId="com.example.Agri_MW.api" version="1.0.0" type="synapse/api" serverRole="EnterpriseServiceBus">
        <file>src/main/synapse-config/api/CartsAPI.xml</file>
    </artifact>
    <artifact name="PaymentGwEP" groupId="com.example.Agri_MW.endpoint" version="1.0.0" type="synapse/endpoint" serverRole="EnterpriseServiceBus">
        <file>src/main/synapse-config/endpoints/PaymentGwEP.xml</file>
    </artifact>
    <artifact name="PaymentGwAPI" groupId="com.example.Agri_MW.api" version="1.0.0" type="synapse/api" serverRole="EnterpriseServiceBus">
        <file>src/main/synapse-config/api/PaymentGwAPI.xml</file>
    </artifact>
    <artifact name="MobileEP" groupId="com.example.Agri_MW.endpoint" version="1.0.0" type="synapse/endpoint" serverRole="EnterpriseServiceBus">
        <file>src/main/synapse-config/endpoints/MobileEP.xml</file>
    </artifact>
    <artifact name="MobileAPI" groupId="com.example.Agri_MW.api" version="1.0.0" type="synapse/api" serverRole="EnterpriseServiceBus">
        <file>src/main/synapse-config/api/MobileAPI.xml</file>
    </artifact>
    <artifact name="SmsEmailEP" groupId="com.example.Agri_MW.endpoint" version="1.0.0" type="synapse/endpoint" serverRole="EnterpriseServiceBus">
        <file>src/main/synapse-config/endpoints/SmsEmailEP.xml</file>
    </artifact>
    <artifact name="SmsEmailAPI" groupId="com.example.Agri_MW.api" version="1.0.0" type="synapse/api" serverRole="EnterpriseServiceBus">
        <file>src/main/synapse-config/api/SmsEmailAPI.xml</file>
    </artifact>
    <artifact name="DeliveryEP" groupId="com.example.Agri_MW.endpoint" version="1.0.0" type="synapse/endpoint" serverRole="EnterpriseServiceBus">
        <file>src/main/synapse-config/endpoints/DeliveryEP.xml</file>
    </artifact>
    <artifact name="DeliveryAPI" groupId="com.example.Agri_MW.api" version="1.0.0" type="synapse/api" serverRole="EnterpriseServiceBus">
        <file>src/main/synapse-config/api/DeliveryAPI.xml</file>
    </artifact>
</artifacts>
